uid,domainID,siteID,namedLocation,collectDate,laboratoryName,sequencingFacilityID,processedDate,dnaSampleID,internalLabID,barcodeSequence,instrument_model,sequencingMethod,investigation_type,sequencingConcentration,labPrepMethod,sequencingProtocol,illuminaAdapterKit,illuminaIndex1,illuminaIndex2,sequencerRunID,qaqcStatus,sampleTotalReadNumber,sampleFilteredReadNumber,ncbiProjectID,analyzedBy,remarks,dataQF,publicationDate,release
6a9f99b6-d4b0-404d-8454-03ce7a692b15,D01,HARV,HARV_013.basePlot.bgc,2013-07-09T15:30:00Z,Argonne National Laboratory,Argonne National Laboratory,2015-09-28T00:00:00Z,HARV_013-M-20130709-COMP-DNA1,NA,NA,Illumina HiSeq,Illumina,metagenome,1.3,ANL_metgenomicsSamplePrepSOP_2015,ANL_metgenomicsSamplePrepSOP_2015,NA,NA,NA,run20150603,NA,9804495,NA,PRJNA406974,NA,NA,legacyData,20241118T072752Z,RELEASE-2025
e79add3d-6d21-47ee-b851-c89b8cb64b1e,D01,HARV,HARV_013.basePlot.bgc,2013-07-09T14:56:00Z,Argonne National Laboratory,Argonne National Laboratory,2015-09-28T00:00:00Z,HARV_013-M-9-22-20130709-GEN-DNA1,NA,NA,Illumina HiSeq,Illumina,metagenome,1.3,ANL_metgenomicsSamplePrepSOP_2015,ANL_metgenomicsSamplePrepSOP_2015,NA,NA,NA,run20150603,NA,2189344,NA,PRJNA406974,NA,NA,legacyData,20241118T072752Z,RELEASE-2025
8f3ad869-58ea-4fa8-9574-43ed1c4cf7bc,D01,HARV,HARV_001.basePlot.bgc,2013-07-09T17:35:00Z,Argonne National Laboratory,Argonne National Laboratory,2015-09-28T00:00:00Z,HARV_001-M-25-38-20130709-GEN-DNA1,NA,NA,Illumina HiSeq,Illumina,metagenome,1.3,ANL_metgenomicsSamplePrepSOP_2015,ANL_metgenomicsSamplePrepSOP_2015,NA,NA,NA,run20150603,NA,14289408,NA,PRJNA406974,NA,NA,legacyData,20241118T072752Z,RELEASE-2025
495d3719-5487-438c-928b-ed249d83654b,D01,HARV,HARV_001.basePlot.bgc,2013-07-09T18:45:00Z,Argonne National Laboratory,Argonne National Laboratory,2015-09-28T00:00:00Z,HARV_001-M-20130709-COMP-DNA1,NA,NA,Illumina HiSeq,Illumina,metagenome,1.3,ANL_metgenomicsSamplePrepSOP_2015,ANL_metgenomicsSamplePrepSOP_2015,NA,NA,NA,run20150603,NA,7731905,NA,PRJNA406974,NA,NA,legacyData,20241118T072752Z,RELEASE-2025
5993dcb9-6be8-406e-853d-5436cbe2b308,D01,HARV,HARV_001.basePlot.bgc,2013-07-09T18:45:00Z,Argonne National Laboratory,Argonne National Laboratory,2015-09-28T00:00:00Z,HARV_001-O-22-2-20130709-GEN-DNA1,NA,NA,Illumina HiSeq,Illumina,metagenome,1.3,ANL_metgenomicsSamplePrepSOP_2015,ANL_metgenomicsSamplePrepSOP_2015,NA,NA,NA,run20150603,NA,11225533,NA,PRJNA406974,NA,NA,legacyData,20241118T072752Z,RELEASE-2025
8444fcaa-5d08-47c9-b089-62c211490e3b,D01,HARV,HARV_004.basePlot.bgc,2013-07-09T20:10:00Z,Argonne National Laboratory,Argonne National Laboratory,2015-09-28T00:00:00Z,HARV_004-M-34-37-20130709-GEN-DNA1,NA,NA,Illumina HiSeq,Illumina,metagenome,1.3,ANL_metgenomicsSamplePrepSOP_2015,ANL_metgenomicsSamplePrepSOP_2015,NA,NA,NA,run20150603,NA,12023410,NA,PRJNA406974,NA,NA,legacyData,20241118T072752Z,RELEASE-2025
8c423f38-13a8-402a-a0d4-8661898cb9af,D01,HARV,HARV_004.basePlot.bgc,2013-07-09T21:21:00Z,Argonne National Laboratory,Argonne National Laboratory,2015-09-28T00:00:00Z,HARV_004-M-20130709-COMP-DNA1,NA,NA,Illumina HiSeq,Illumina,metagenome,1.3,ANL_metgenomicsSamplePrepSOP_2015,ANL_metgenomicsSamplePrepSOP_2015,NA,NA,NA,run20150603,NA,5435045,NA,PRJNA406974,NA,NA,legacyData,20241118T072752Z,RELEASE-2025
b77a751b-01ac-4e46-b142-39f99d6ec7c1,D01,HARV,HARV_004.basePlot.bgc,2013-07-09T21:21:00Z,Argonne National Laboratory,Argonne National Laboratory,2015-09-28T00:00:00Z,HARV_004-O-5-35-20130709-GEN-DNA1,NA,NA,Illumina HiSeq,Illumina,metagenome,1.3,ANL_metgenomicsSamplePrepSOP_2015,ANL_metgenomicsSamplePrepSOP_2015,NA,NA,NA,run20150603,NA,9305583,NA,PRJNA406974,NA,NA,legacyData,20241118T072752Z,RELEASE-2025
88b0d3f2-12f2-4282-a22f-1d42ea09f177,D01,HARV,HARV_016.basePlot.bgc,2013-07-09T22:35:00Z,Argonne National Laboratory,Argonne National Laboratory,2015-09-28T00:00:00Z,HARV_016-O-1-1-20130709-GEN-DNA1,NA,NA,Illumina HiSeq,Illumina,metagenome,1.3,ANL_metgenomicsSamplePrepSOP_2015,ANL_metgenomicsSamplePrepSOP_2015,NA,NA,NA,run20150603,NA,6394297,NA,PRJNA406974,NA,NA,legacyData,20241118T072752Z,RELEASE-2025
4b5148cf-c328-42a1-922a-7187a8ae9b0f,D01,HARV,HARV_016.basePlot.bgc,2013-07-09T23:39:00Z,Argonne National Laboratory,Argonne National Laboratory,2015-09-28T00:00:00Z,HARV_016-M-20130709-COMP-DNA1,NA,NA,Illumina HiSeq,Illumina,metagenome,1.3,ANL_metgenomicsSamplePrepSOP_2015,ANL_metgenomicsSamplePrepSOP_2015,NA,NA,NA,run20150603,NA,7058306,NA,PRJNA406974,NA,NA,legacyData,20241118T072752Z,RELEASE-2025
c18d8126-fc09-493e-8f9f-8b0ab509ad6b,D01,HARV,HARV_016.basePlot.bgc,2013-07-09T23:30:00Z,Argonne National Laboratory,Argonne National Laboratory,2015-09-28T00:00:00Z,HARV_016-M-22-33-20130709-GEN-DNA1,NA,NA,Illumina HiSeq,Illumina,metagenome,1.3,ANL_metgenomicsSamplePrepSOP_2015,ANL_metgenomicsSamplePrepSOP_2015,NA,NA,NA,run20150603,NA,6119472,NA,PRJNA406974,NA,NA,legacyData,20241118T072752Z,RELEASE-2025
287fe433-fa74-4584-a0f8-bd3b94206534,D01,HARV,HARV_013.basePlot.bgc,2013-11-22T14:18:00Z,Argonne National Laboratory,Argonne National Laboratory,2015-09-28T00:00:00Z,HARV_013-O-20131122-COMP-DNA1,NA,NA,Illumina HiSeq,Illumina,metagenome,1.3,ANL_metgenomicsSamplePrepSOP_2015,ANL_metgenomicsSamplePrepSOP_2015,NA,NA,NA,run20150603,NA,7874965,NA,PRJNA406974,NA,NA,legacyData,20241118T183629Z,RELEASE-2025
a81cb969-e645-4f75-9149-53e9fd692e1d,D01,HARV,HARV_013.basePlot.bgc,2013-11-22T14:02:00Z,Argonne National Laboratory,Argonne National Laboratory,2015-09-28T00:00:00Z,HARV_013-O-31-27-20131122-GEN-DNA1,NA,NA,Illumina HiSeq,Illumina,metagenome,1.3,ANL_metgenomicsSamplePrepSOP_2015,ANL_metgenomicsSamplePrepSOP_2015,NA,NA,NA,run20150603,NA,12589307,NA,PRJNA406974,NA,NA,legacyData,20241118T183629Z,RELEASE-2025
5dd02303-5068-49f3-94e0-f13f311a47a4,D01,HARV,HARV_001.basePlot.bgc,2013-11-22T15:50:00Z,Argonne National Laboratory,Argonne National Laboratory,2015-09-28T00:00:00Z,HARV_001-M-20131122-COMP-DNA1,NA,NA,Illumina HiSeq,Illumina,metagenome,1.3,ANL_metgenomicsSamplePrepSOP_2015,ANL_metgenomicsSamplePrepSOP_2015,NA,NA,NA,run20150603,NA,9325181,NA,PRJNA406974,NA,NA,legacyData,20241118T183629Z,RELEASE-2025
c297b094-09d5-425c-aab7-8ec479675e0b,D01,HARV,HARV_001.basePlot.bgc,2013-11-22T15:50:00Z,Argonne National Laboratory,Argonne National Laboratory,2015-09-28T00:00:00Z,HARV_001-O-20131122-COMP-DNA1,NA,NA,Illumina HiSeq,Illumina,metagenome,1.3,ANL_metgenomicsSamplePrepSOP_2015,ANL_metgenomicsSamplePrepSOP_2015,NA,NA,NA,run20150603,NA,4450074,NA,PRJNA406974,NA,NA,legacyData,20241118T183629Z,RELEASE-2025
ae276584-36ae-4a45-b704-b534aa5c67a6,D01,HARV,HARV_001.basePlot.bgc,2013-11-22T15:37:00Z,Argonne National Laboratory,Argonne National Laboratory,2015-09-28T00:00:00Z,HARV_001-O-30-7-20131122-GEN-DNA1,NA,NA,Illumina HiSeq,Illumina,metagenome,1.3,ANL_metgenomicsSamplePrepSOP_2015,ANL_metgenomicsSamplePrepSOP_2015,NA,NA,NA,run20150603,NA,13398153,NA,PRJNA406974,NA,NA,legacyData,20241118T183629Z,RELEASE-2025
0346c60d-306b-4cc3-a238-0c5bf408b608,D01,HARV,HARV_001.basePlot.bgc,2013-11-22T15:50:00Z,Argonne National Laboratory,Argonne National Laboratory,2015-09-28T00:00:00Z,HARV_001-M-13-7-20131122-GEN-DNA1,NA,NA,Illumina HiSeq,Illumina,metagenome,1.3,ANL_metgenomicsSamplePrepSOP_2015,ANL_metgenomicsSamplePrepSOP_2015,NA,NA,NA,run20150603,NA,13044744,NA,PRJNA406974,NA,NA,legacyData,20241118T183629Z,RELEASE-2025
68b3ac1a-9cd4-413a-a74a-018be246c23f,D01,HARV,HARV_004.basePlot.bgc,2013-11-22T17:25:00Z,Argonne National Laboratory,Argonne National Laboratory,2015-09-28T00:00:00Z,HARV_004-O-20131122-COMP-DNA1,NA,NA,Illumina HiSeq,Illumina,metagenome,1.3,ANL_metgenomicsSamplePrepSOP_2015,ANL_metgenomicsSamplePrepSOP_2015,NA,NA,NA,run20150603,NA,10861997,NA,PRJNA406974,NA,NA,legacyData,20241118T183629Z,RELEASE-2025
91a8075e-0f50-442a-bea5-bbe6acc082ac,D01,HARV,HARV_004.basePlot.bgc,2013-11-22T17:15:00Z,Argonne National Laboratory,Argonne National Laboratory,2015-09-28T00:00:00Z,HARV_004-O-31-8-20131122-GEN-DNA1,NA,NA,Illumina HiSeq,Illumina,metagenome,1.3,ANL_metgenomicsSamplePrepSOP_2015,ANL_metgenomicsSamplePrepSOP_2015,NA,NA,NA,run20150603,NA,13021729,NA,PRJNA406974,NA,NA,legacyData,20241118T183629Z,RELEASE-2025
d7c5a7cb-0782-483e-97c7-7c87925ea44c,D01,HARV,HARV_035.basePlot.bgc,2016-08-02T14:50:00Z,Battelle Applied Genomics,Battelle Memorial Institute,2018-02-13T00:00:00Z,HARV_035-O-20160802-COMP-DNA3,BMI_Plate2WellD5,NA,NextSeq550,Illumina,metagenome,0.4,BMI_metagenomicsSequencingSOP_v1,BMI_metagenomicsSequencingSOP_v1,Kapa Dual Index Kit,GAGATTCC,TCAGAGCC,HLGJLBGX5,Pass,8887356,6809820,PRJNA406974,vMLbKuU6fpEXXusc9m+yhQ==,NA,NA,20241118T205127Z,RELEASE-2025
35f5c19d-2a2d-4953-9772-33777c1e232c,D01,HARV,HARV_013.basePlot.bgc,2016-08-03T14:11:00Z,Battelle Applied Genomics,Battelle Memorial Institute,2018-03-06T00:00:00Z,HARV_013-O-20160803-COMP-DNA1,BMI_Plate19WellF11,NA,NextSeq550,Illumina,metagenome,5.9,BMI_metagenomicsSequencingSOP_v1,BMI_metagenomicsSequencingSOP_v1,Kapa Dual Index Kit,TCTCGCGC,GTCAGTAC,HLYVNBGX5,Pass,10603321,8213383,PRJNA406974,hZbYwvE98vDsat+tFk3CGg==,NA,NA,20241118T205127Z,RELEASE-2025
52c1fb6f-1532-4d01-804d-e4634b26eea6,D01,HARV,HARV_013.basePlot.bgc,2016-08-03T14:11:00Z,Battelle Applied Genomics,Battelle Memorial Institute,2018-02-13T00:00:00Z,HARV_013-O-20160803-COMP-DNA3,BMI_Plate2WellA6,NA,NextSeq550,Illumina,metagenome,0.1,BMI_metagenomicsSequencingSOP_v1,BMI_metagenomicsSequencingSOP_v1,Kapa Dual Index Kit,GAGATTCC,AGGATAGG,HLGJLBGX5,Pass,5709542,3735893,PRJNA406974,vMLbKuU6fpEXXusc9m+yhQ==,NA,NA,20241118T205127Z,RELEASE-2025
1ad39e60-f768-4a46-afa0-7ebb48d14f88,D01,HARV,HARV_001.basePlot.bgc,2016-08-03T16:12:00Z,Battelle Applied Genomics,Battelle Memorial Institute,2017-12-15T00:00:00Z,HARV_001-O-20160803-COMP-DNA1,BMI_Plate1WellB5,NA,NextSeq550,Illumina,metagenome,0.6,BMI_metagenomicsSequencingSOP_v1,BMI_metagenomicsSequencingSOP_v1,Kapa Dual Index Kit,TCCGGAGA,TATAGCCT,H7FFKBGX5,Pass,14938272,7599048,PRJNA406974,hZbYwvE98vB2DUBZASEJ+w==,NA,NA,20241118T205127Z,RELEASE-2025
cb9452f3-905e-4b52-b757-d61802fd9a2f,D01,HARV,HARV_010.basePlot.bgc,2016-08-03T17:57:00Z,Battelle Applied Genomics,Battelle Memorial Institute,2017-12-15T00:00:00Z,HARV_010-O-20160803-COMP-DNA1,BMI_Plate1WellC6,NA,NextSeq550,Illumina,metagenome,0.1,BMI_metagenomicsSequencingSOP_v1,BMI_metagenomicsSequencingSOP_v1,Kapa Dual Index Kit,GAATTCGT,TATAGCCT,H7FFKBGX5,Pass,13185106,6167225,PRJNA406974,hZbYwvE98vB2DUBZASEJ+w==,NA,NA,20241118T205127Z,RELEASE-2025
d9f01351-1252-4b2a-b219-de72374aa74a,D01,HARV,HARV_004.basePlot.bgc,2016-08-03T19:26:00Z,Battelle Applied Genomics,Battelle Memorial Institute,2018-02-13T00:00:00Z,HARV_004-O-20160803-COMP-DNA1,BMI_Plate1WellC2,NA,NextSeq550,Illumina,metagenome,2.4,BMI_metagenomicsSequencingSOP_v1,BMI_metagenomicsSequencingSOP_v1,Kapa Dual Index Kit,GAGATTCC,AGGCTATA,HLGJLBGX5,Pass,7836260,5569521,PRJNA406974,vMLbKuU6fpEXXusc9m+yhQ==,NA,NA,20241118T205127Z,RELEASE-2025
f1f742a4-3fb6-4be0-a172-d937e9d61e31,D01,HARV,HARV_004.basePlot.bgc,2016-08-03T19:26:00Z,Battelle Applied Genomics,Battelle Memorial Institute,2017-12-15T00:00:00Z,HARV_004-O-20160803-COMP-DNA1,BMI_Plate1WellC2,NA,NextSeq550,Illumina,metagenome,0.9,BMI_metagenomicsSequencingSOP_v1,BMI_metagenomicsSequencingSOP_v1,Kapa Dual Index Kit,GAGATTCC,TATAGCCT,H7FFKBGX5,Pass,11316863,5954876,PRJNA406974,hZbYwvE98vB2DUBZASEJ+w==,NA,NA,20241118T205127Z,RELEASE-2025
99b1d586-ef27-4250-b872-9dfc0f7b7077,D01,HARV,HARV_020.basePlot.bgc,2016-08-11T18:27:00Z,Battelle Applied Genomics,Battelle Memorial Institute,2018-03-06T00:00:00Z,HARV_020-O-20160809-COMP-DNA1,BMI_Plate19WellF10,NA,NextSeq550,Illumina,metagenome,3.6,BMI_metagenomicsSequencingSOP_v1,BMI_metagenomicsSequencingSOP_v1,Kapa Dual Index Kit,TCTCGCGC,ACGTCCTG,HLYVNBGX5,Pass,9381632,7219761,PRJNA406974,hZbYwvE98vDsat+tFk3CGg==,NA,NA,20241118T205127Z,RELEASE-2025
25440f3f-b73e-4b80-83f0-24cca99abfbc,D01,HARV,HARV_002.basePlot.bgc,2016-08-09T17:25:00Z,Battelle Applied Genomics,Battelle Memorial Institute,2017-12-15T00:00:00Z,HARV_002-O-20160809-COMP-DNA1,BMI_Plate1WellC5,NA,NextSeq550,Illumina,metagenome,0.7,BMI_metagenomicsSequencingSOP_v1,BMI_metagenomicsSequencingSOP_v1,Kapa Dual Index Kit,ATTCAGAA,TATAGCCT,H7FFKBGX5,Pass,17034980,8807257,PRJNA406974,hZbYwvE98vB2DUBZASEJ+w==,NA,NA,20241118T205127Z,RELEASE-2025
b52d993b-f66b-4adf-8f07-4b6b551f3f28,D01,HARV,HARV_002.basePlot.bgc,2016-08-09T17:25:00Z,Battelle Applied Genomics,Battelle Memorial Institute,2018-02-13T00:00:00Z,HARV_002-O-20160809-COMP-DNA1,BMI_Plate1WellC5,NA,NextSeq550,Illumina,metagenome,2.9,BMI_metagenomicsSequencingSOP_v1,BMI_metagenomicsSequencingSOP_v1,Kapa Dual Index Kit,GAGATTCC,GCCTCTAT,HLGJLBGX5,Pass,9127441,6354837,PRJNA406974,vMLbKuU6fpEXXusc9m+yhQ==,NA,NA,20241118T205127Z,RELEASE-2025
a68a1ff7-e7a2-47f0-8610-fc74a0e7dbdb,D01,HARV,HARV_001.basePlot.bgc,2017-07-31T15:27:00Z,Battelle Applied Genomics,Battelle Memorial Institute,2018-06-07T00:00:00Z,HARV_001-O-20170731-COMP-DNA1,BMI_Plate42WellF6,NA,NextSeq550,Illumina,metagenome,0,BMI_metagenomicsSequencingSOP_v2,BMI_metagenomicsSequencingSOP_v2,Kapa Dual Index Kit,ATTACTCG,AGGCTATA,HVKLYBGX5,Pass,1593407,421788,PRJNA406974,hZbYwvE98vDsat+tFk3CGg==,NA,NA,20241118T145609Z,RELEASE-2025
5717a877-5d49-44cc-b0c4-746a51023fea,D01,HARV,HARV_037.basePlot.bgc,2017-07-31T17:45:00Z,Battelle Applied Genomics,Battelle Memorial Institute,2018-06-07T00:00:00Z,HARV_037-O-20170731-COMP-DNA1,BMI_Plate42WellG3,NA,NextSeq550,Illumina,metagenome,1,BMI_metagenomicsSequencingSOP_v2,BMI_metagenomicsSequencingSOP_v2,Kapa Dual Index Kit,CGCTCATT,GCCTCTAT,HVKLYBGX5,Pass,12230050,7557433,PRJNA406974,hZbYwvE98vDsat+tFk3CGg==,NA,NA,20241118T145609Z,RELEASE-2025
43ee7cd4-7a9c-4bf8-95c8-8ab453c7a1fb,D01,HARV,HARV_004.basePlot.bgc,2017-07-31T18:46:00Z,Battelle Applied Genomics,Battelle Memorial Institute,2018-06-07T00:00:00Z,HARV_004-O-20170731-COMP-DNA1,BMI_Plate42WellF8,NA,NextSeq550,Illumina,metagenome,0.4,BMI_metagenomicsSequencingSOP_v2,BMI_metagenomicsSequencingSOP_v2,Kapa Dual Index Kit,TCCGGAGA,AGGCTATA,HVKLYBGX5,Pass,14850104,4998686,PRJNA406974,hZbYwvE98vDsat+tFk3CGg==,NA,NA,20241118T145609Z,RELEASE-2025
5c07812a-0bf1-4b82-a1c5-2c9f916c62f4,D01,HARV,HARV_034.basePlot.bgc,2017-07-31T19:48:00Z,Battelle Applied Genomics,Battelle Memorial Institute,2018-06-07T00:00:00Z,HARV_034-O-20170731-COMP-DNA1,BMI_Plate42WellG1,NA,NextSeq550,Illumina,metagenome,2.5,BMI_metagenomicsSequencingSOP_v2,BMI_metagenomicsSequencingSOP_v2,Kapa Dual Index Kit,ATTACTCG,GCCTCTAT,HVKLYBGX5,Pass,10871978,5210186,PRJNA406974,hZbYwvE98vDsat+tFk3CGg==,NA,NA,20241118T145609Z,RELEASE-2025
9365c850-870a-4fd7-b285-e21f680835ba,D01,HARV,HARV_020.basePlot.bgc,2017-07-31T20:13:00Z,Battelle Applied Genomics,Battelle Memorial Institute,2018-06-07T00:00:00Z,HARV_020-O-20170731-COMP-DNA1,BMI_Plate42WellF11,NA,NextSeq550,Illumina,metagenome,0.2,BMI_metagenomicsSequencingSOP_v2,BMI_metagenomicsSequencingSOP_v2,Kapa Dual Index Kit,GAGATTCC,AGGCTATA,HVKLYBGX5,Pass,11889276,3653764,PRJNA406974,hZbYwvE98vDsat+tFk3CGg==,NA,NA,20241118T145609Z,RELEASE-2025
d1fc7320-1e2b-481b-b1ec-824fb2a1357d,D01,HARV,HARV_035.basePlot.bgc,2017-08-01T12:04:00Z,Battelle Applied Genomics,Battelle Memorial Institute,2018-06-07T00:00:00Z,HARV_035-O-20170801-COMP-DNA1,BMI_Plate42WellG2,NA,NextSeq550,Illumina,metagenome,0.5,BMI_metagenomicsSequencingSOP_v2,BMI_metagenomicsSequencingSOP_v2,Kapa Dual Index Kit,TCCGGAGA,GCCTCTAT,HVKLYBGX5,Pass,12528971,5884686,PRJNA406974,hZbYwvE98vDsat+tFk3CGg==,NA,NA,20241118T074455Z,RELEASE-2025
3c32d575-51be-4a15-b9f7-983fb0727900,D01,HARV,HARV_033.basePlot.bgc,2017-08-01T13:14:00Z,Battelle Applied Genomics,Battelle Memorial Institute,2018-06-07T00:00:00Z,HARV_033-O-20170801-COMP-DNA1,BMI_Plate42WellF12,NA,NextSeq550,Illumina,metagenome,0.9,BMI_metagenomicsSequencingSOP_v2,BMI_metagenomicsSequencingSOP_v2,Kapa Dual Index Kit,ATTCAGAA,AGGCTATA,HVKLYBGX5,Pass,12773404,6256342,PRJNA406974,hZbYwvE98vDsat+tFk3CGg==,NA,NA,20241118T074455Z,RELEASE-2025
e63ade49-3f83-42c2-8acc-9caacb3dc5d9,D01,HARV,HARV_013.basePlot.bgc,2017-08-01T13:37:00Z,Battelle Applied Genomics,Battelle Memorial Institute,2018-06-07T00:00:00Z,HARV_013-O-20170801-COMP-DNA1,BMI_Plate42WellF10,NA,NextSeq550,Illumina,metagenome,0.1,BMI_metagenomicsSequencingSOP_v2,BMI_metagenomicsSequencingSOP_v2,Kapa Dual Index Kit,CGCTCATT,AGGCTATA,HVKLYBGX5,Pass,11261983,3592841,PRJNA406974,hZbYwvE98vDsat+tFk3CGg==,NA,NA,20241118T074455Z,RELEASE-2025
d73ff246-3607-4ac3-99bc-16e89c613f21,D01,HARV,HARV_002.basePlot.bgc,2017-08-01T16:01:00Z,Battelle Applied Genomics,Battelle Memorial Institute,2018-08-29T00:00:00Z,HARV_002-O-20170801-COMP-DNA2,BMI_Plate68WellD4,NA,NextSeq550,Illumina,metagenome,0.2,BMI_metagenomicsSequencingSOP_v2,BMI_metagenomicsSequencingSOP_v2,Kapa Dual Index Kit,TAATGCGC,ACGTCCTG,HFWM5BGX7,Pass,15104898,7770207,PRJNA406974,hZbYwvE98vCxamVgcSc36Q==,NA,NA,20241118T074455Z,RELEASE-2025
e07a6690-c541-47cd-9c89-0425e7049a50,D01,HARV,HARV_033.basePlot.bgc,2018-07-09T17:54:00Z,Battelle Applied Genomics,Battelle Memorial Institute,2019-01-29T00:00:00Z,HARV_033-O-20180709-COMP-DNA1,18S_05_0403,NA,NextSeq550,Illumina,metagenome,2.1,BMI_metagenomicsSequencingSOP_v3,BMI_metagenomicsSequencingSOP_v3,Kapa Dual Index Kit,GAGATTCC,TCAGAGCC,HWVCMBGX7,Pass,8577221,3182313,PRJNA406974,hZbYwvE98vCFHhI1UoleFg==,NA,NA,20241118T051632Z,RELEASE-2025
a1ce854e-63ce-4c77-af74-fd8fac756fb9,D01,HARV,HARV_033.basePlot.bgc,2018-07-09T18:10:00Z,Battelle Applied Genomics,Battelle Memorial Institute,2019-01-29T00:00:00Z,HARV_033-M-20180709-COMP-DNA1,18S_05_0402,NA,NextSeq550,Illumina,metagenome,1.3,BMI_metagenomicsSequencingSOP_v3,BMI_metagenomicsSequencingSOP_v3,Kapa Dual Index Kit,GAGATTCC,AGGATAGG,HWVCMBGX7,Pass,8163536,3131069,PRJNA406974,hZbYwvE98vCFHhI1UoleFg==,NA,NA,20241118T051632Z,RELEASE-2025
3262472c-4adb-4c77-98db-108e9bd7cb6d,D01,HARV,HARV_035.basePlot.bgc,2018-07-09T19:47:00Z,Battelle Applied Genomics,Battelle Memorial Institute,2019-01-29T00:00:00Z,HARV_035-O-20180709-COMP-DNA1,18S_05_0407,NA,NextSeq550,Illumina,metagenome,0.5,BMI_metagenomicsSequencingSOP_v3,BMI_metagenomicsSequencingSOP_v3,Kapa Dual Index Kit,GAGATTCC,GTCAGTAC,HWVCMBGX7,Pass,7763220,2880952,PRJNA406974,hZbYwvE98vCFHhI1UoleFg==,NA,NA,20241118T051632Z,RELEASE-2025
7f445516-fb7a-4cda-8f98-dc11b07c557e,D01,HARV,HARV_035.basePlot.bgc,2018-07-09T20:05:00Z,Battelle Applied Genomics,Battelle Memorial Institute,2019-01-29T00:00:00Z,HARV_035-M-20180709-COMP-DNA1,18S_05_0406,NA,NextSeq550,Illumina,metagenome,1.2,BMI_metagenomicsSequencingSOP_v3,BMI_metagenomicsSequencingSOP_v3,Kapa Dual Index Kit,GAGATTCC,ACGTCCTG,HWVCMBGX7,Pass,7821377,2952162,PRJNA406974,hZbYwvE98vCFHhI1UoleFg==,NA,NA,20241118T051632Z,RELEASE-2025
df112a6b-a77b-4913-9509-835ec04f2687,D01,HARV,HARV_034.basePlot.bgc,2018-07-10T14:01:00Z,Battelle Applied Genomics,Battelle Memorial Institute,2019-01-29T00:00:00Z,HARV_034-O-20180709-COMP-DNA1,18S_05_0405,NA,NextSeq550,Illumina,metagenome,0.9,BMI_metagenomicsSequencingSOP_v3,BMI_metagenomicsSequencingSOP_v3,Kapa Dual Index Kit,GAGATTCC,TAAGATTA,HWVCMBGX7,Pass,14353290,5337127,PRJNA406974,hZbYwvE98vCFHhI1UoleFg==,NA,NA,20241118T051632Z,RELEASE-2025
77bc8957-5e07-4e2c-80f4-9d6e38006bb2,D01,HARV,HARV_034.basePlot.bgc,2018-07-10T14:20:00Z,Battelle Applied Genomics,Battelle Memorial Institute,2019-01-29T00:00:00Z,HARV_034-M-20180709-COMP-DNA1,18S_05_0404,NA,NextSeq550,Illumina,metagenome,1.7,BMI_metagenomicsSequencingSOP_v3,BMI_metagenomicsSequencingSOP_v3,Kapa Dual Index Kit,GAGATTCC,CTTCGCCT,HWVCMBGX7,Pass,6110319,2339014,PRJNA406974,hZbYwvE98vCFHhI1UoleFg==,NA,NA,20241118T051632Z,RELEASE-2025
7ba91122-fc0e-4a7e-8be0-2825cf46c943,D01,HARV,HARV_004.basePlot.bgc,2018-07-10T15:58:00Z,Battelle Applied Genomics,Battelle Memorial Institute,2019-01-29T00:00:00Z,HARV_004-O-20180710-COMP-DNA1,18S_05_0395,NA,NextSeq550,Illumina,metagenome,3.8,BMI_metagenomicsSequencingSOP_v3,BMI_metagenomicsSequencingSOP_v3,Kapa Dual Index Kit,CGCTCATT,TCAGAGCC,HWVCMBGX7,Pass,4548897,1620729,PRJNA406974,hZbYwvE98vCFHhI1UoleFg==,NA,NA,20241118T051632Z,RELEASE-2025
3facd573-bb33-4125-bbd0-a28604c6fa10,D01,HARV,HARV_004.basePlot.bgc,2018-07-10T16:27:00Z,Battelle Applied Genomics,Battelle Memorial Institute,2019-01-29T00:00:00Z,HARV_004-M-20180710-COMP-DNA1,18S_05_0394,NA,NextSeq550,Illumina,metagenome,2.6,BMI_metagenomicsSequencingSOP_v3,BMI_metagenomicsSequencingSOP_v3,Kapa Dual Index Kit,CGCTCATT,AGGATAGG,HWVCMBGX7,Pass,9091062,3377732,PRJNA406974,hZbYwvE98vCFHhI1UoleFg==,NA,NA,20241118T051632Z,RELEASE-2025
d897fc50-2268-499f-8f44-5f426b9d577b,D01,HARV,HARV_037.basePlot.bgc,2018-07-10T17:35:00Z,Battelle Applied Genomics,Battelle Memorial Institute,2019-01-29T00:00:00Z,HARV_037-O-20180710-COMP-DNA1,18S_05_0409,NA,NextSeq550,Illumina,metagenome,0,BMI_metagenomicsSequencingSOP_v3,BMI_metagenomicsSequencingSOP_v3,NA,NA,NA,HWVCMBGX7,Fail,228871,38949,PRJNA406974,hZbYwvE98vCFHhI1UoleFg==,sequencingConcentration not recorded,NA,20241118T051632Z,RELEASE-2025
da22136d-25e7-48fa-8c0e-704c15f06b67,D01,HARV,HARV_037.basePlot.bgc,2018-07-10T17:53:00Z,Battelle Applied Genomics,Battelle Memorial Institute,2019-01-29T00:00:00Z,HARV_037-M-20180710-COMP-DNA1,18S_05_0408,NA,NextSeq550,Illumina,metagenome,0.6,BMI_metagenomicsSequencingSOP_v3,BMI_metagenomicsSequencingSOP_v3,Kapa Dual Index Kit,ATTCAGAA,AGGCTATA,HWVCMBGX7,Pass,6156287,2247258,PRJNA406974,hZbYwvE98vCFHhI1UoleFg==,NA,NA,20241118T051632Z,RELEASE-2025
8312c7de-d226-442f-a005-a92da0914619,D01,HARV,HARV_001.basePlot.bgc,2018-07-10T19:59:00Z,Battelle Applied Genomics,Battelle Memorial Institute,2019-01-29T00:00:00Z,HARV_001-O-20180710-COMP-DNA1,18S_05_0391,NA,NextSeq550,Illumina,metagenome,2.2,BMI_metagenomicsSequencingSOP_v3,BMI_metagenomicsSequencingSOP_v3,Kapa Dual Index Kit,TCCGGAGA,GTCAGTAC,HWVCMBGX7,Pass,8259163,5417343,PRJNA406974,hZbYwvE98vCFHhI1UoleFg==,NA,NA,20241118T051632Z,RELEASE-2025
8da50bd1-e7c6-4368-9d80-4dd1c9c30cd1,D01,HARV,HARV_001.basePlot.bgc,2018-07-10T20:13:00Z,Battelle Applied Genomics,Battelle Memorial Institute,2019-01-29T00:00:00Z,HARV_001-M-20180710-COMP-DNA1,18S_05_0390,NA,NextSeq550,Illumina,metagenome,0,BMI_metagenomicsSequencingSOP_v3,BMI_metagenomicsSequencingSOP_v3,Kapa Dual Index Kit,TCCGGAGA,ACGTCCTG,HWVCMBGX7,Pass,881189,105429,PRJNA406974,hZbYwvE98vCFHhI1UoleFg==,NA,NA,20241118T051632Z,RELEASE-2025
014ab84f-b5cd-4a8e-b657-5a2999883bb9,D01,HARV,HARV_002.basePlot.bgc,2018-07-11T14:37:00Z,Battelle Applied Genomics,Battelle Memorial Institute,2019-01-29T00:00:00Z,HARV_002-O-20180711-COMP-DNA1,18S_05_0393,NA,NextSeq550,Illumina,metagenome,4.2,BMI_metagenomicsSequencingSOP_v3,BMI_metagenomicsSequencingSOP_v3,Kapa Dual Index Kit,CGCTCATT,GCCTCTAT,HWVCMBGX7,Pass,7432053,2756378,PRJNA406974,hZbYwvE98vCFHhI1UoleFg==,NA,NA,20241118T051632Z,RELEASE-2025
bfb25de2-1900-49cb-b3e0-8ce8e6769064,D01,HARV,HARV_002.basePlot.bgc,2018-07-11T14:57:00Z,Battelle Applied Genomics,Battelle Memorial Institute,2019-01-29T00:00:00Z,HARV_002-M-20180711-COMP-DNA1,18S_05_0392,NA,NextSeq550,Illumina,metagenome,0.1,BMI_metagenomicsSequencingSOP_v3,BMI_metagenomicsSequencingSOP_v3,Kapa Dual Index Kit,CGCTCATT,AGGCTATA,HWVCMBGX7,Pass,2055643,602901,PRJNA406974,hZbYwvE98vCFHhI1UoleFg==,NA,NA,20241118T051632Z,RELEASE-2025
ae048d64-a7b1-4800-92de-80c1d6700643,D01,HARV,HARV_005.basePlot.bgc,2018-07-11T18:06:00Z,Battelle Applied Genomics,Battelle Memorial Institute,2019-01-29T00:00:00Z,HARV_005-O-20180711-COMP-DNA1,18S_05_0397,NA,NextSeq550,Illumina,metagenome,1.7,BMI_metagenomicsSequencingSOP_v3,BMI_metagenomicsSequencingSOP_v3,Kapa Dual Index Kit,CGCTCATT,TAAGATTA,HWVCMBGX7,Pass,10034766,3545766,PRJNA406974,hZbYwvE98vCFHhI1UoleFg==,NA,NA,20241118T051632Z,RELEASE-2025
c4e5d06c-8c58-4e36-930c-f71f3fb5a5cd,D01,HARV,HARV_005.basePlot.bgc,2018-07-11T18:14:00Z,Battelle Applied Genomics,Battelle Memorial Institute,2019-01-29T00:00:00Z,HARV_005-M-20180711-COMP-DNA1,18S_05_0396,NA,NextSeq550,Illumina,metagenome,1,BMI_metagenomicsSequencingSOP_v3,BMI_metagenomicsSequencingSOP_v3,Kapa Dual Index Kit,CGCTCATT,CTTCGCCT,HWVCMBGX7,Pass,7794364,2025577,PRJNA406974,hZbYwvE98vCFHhI1UoleFg==,NA,NA,20241118T051632Z,RELEASE-2025
678281ff-6c31-41e5-bb5c-836c8d18bccf,D01,HARV,HARV_013.basePlot.bgc,2018-07-12T14:51:00Z,Battelle Applied Genomics,Battelle Memorial Institute,2019-01-29T00:00:00Z,HARV_013-O-20180712-COMP-DNA1,18S_05_0399,NA,NextSeq550,Illumina,metagenome,0.8,BMI_metagenomicsSequencingSOP_v3,BMI_metagenomicsSequencingSOP_v3,Kapa Dual Index Kit,CGCTCATT,GTCAGTAC,HWVCMBGX7,Pass,8098663,5137075,PRJNA406974,hZbYwvE98vCFHhI1UoleFg==,NA,NA,20241118T051632Z,RELEASE-2025
3fec6a49-162e-49e0-abdf-d8049e91b731,D01,HARV,HARV_013.basePlot.bgc,2018-07-12T15:05:00Z,Battelle Applied Genomics,Battelle Memorial Institute,2019-01-29T00:00:00Z,HARV_013-M-20180712-COMP-DNA1,18S_05_0398,NA,NextSeq550,Illumina,metagenome,1.7,BMI_metagenomicsSequencingSOP_v3,BMI_metagenomicsSequencingSOP_v3,Kapa Dual Index Kit,CGCTCATT,ACGTCCTG,HWVCMBGX7,Pass,8587337,3156437,PRJNA406974,hZbYwvE98vCFHhI1UoleFg==,NA,NA,20241118T051632Z,RELEASE-2025
0bf58a81-b6c4-47a1-9cef-76dab83728e6,D01,HARV,HARV_021.basePlot.bgc,2018-07-12T19:15:00Z,Battelle Applied Genomics,Battelle Memorial Institute,2019-01-29T00:00:00Z,HARV_021-O-20180712-COMP-DNA1,18S_05_0401,NA,NextSeq550,Illumina,metagenome,0.5,BMI_metagenomicsSequencingSOP_v3,BMI_metagenomicsSequencingSOP_v3,Kapa Dual Index Kit,GAGATTCC,GCCTCTAT,HWVCMBGX7,Pass,6591582,2496938,PRJNA406974,hZbYwvE98vCFHhI1UoleFg==,NA,NA,20241118T051632Z,RELEASE-2025
4110e86c-10b9-474e-ac5e-48ba60b036e6,D01,HARV,HARV_021.basePlot.bgc,2018-07-12T19:25:00Z,Battelle Applied Genomics,Battelle Memorial Institute,2019-01-29T00:00:00Z,HARV_021-M-20180712-COMP-DNA1,18S_05_0400,NA,NextSeq550,Illumina,metagenome,0,BMI_metagenomicsSequencingSOP_v3,BMI_metagenomicsSequencingSOP_v3,Kapa Dual Index Kit,GAGATTCC,AGGCTATA,HWVCMBGX7,Pass,736858,319092,PRJNA406974,hZbYwvE98vCFHhI1UoleFg==,NA,NA,20241118T051632Z,RELEASE-2025
abbbbb55-d3ec-4235-8321-f16c9cd378cf,D01,HARV,HARV_033.basePlot.bgc,2019-07-15T17:36:00Z,Battelle Applied Genomics,Battelle Memorial Institute,2021-01-14T00:00:00Z,HARV_033-O-20190715-COMP-DNA1,19S_26_2422,NA,NextSeq550,Illumina,metagenome,0.2,BMI_metagenomicsSequencingSOP_v3,BMI_metagenomicsSequencingSOP_v3,Kapa Dual Index Kit,CGCTCATT,CTTCGCCT,H25VYBGXH,Pass,5761022,5149994,PRJNA406974,hZbYwvE98vC74xef62GeRA==,NA,NA,20241118T060131Z,RELEASE-2025
191f6c29-128e-459c-b7e2-ed0d288a24ad,D01,HARV,HARV_037.basePlot.bgc,2019-07-15T20:05:00Z,Battelle Applied Genomics,Battelle Memorial Institute,2021-01-14T00:00:00Z,HARV_037-O-20190715-COMP-DNA1,19S_26_2425,NA,NextSeq550,Illumina,metagenome,0.8,BMI_metagenomicsSequencingSOP_v3,BMI_metagenomicsSequencingSOP_v3,Kapa Dual Index Kit,GAATTCGT,CTTCGCCT,H25VYBGXH,Pass,5947687,4388166,PRJNA406974,hZbYwvE98vC74xef62GeRA==,NA,NA,20241118T060131Z,RELEASE-2025
5aaff3ba-f983-4021-b102-3f8ac2d90dd8,D01,HARV,HARV_005.basePlot.bgc,2019-07-16T15:16:00Z,Battelle Applied Genomics,Battelle Memorial Institute,2021-01-14T00:00:00Z,HARV_005-O-20190716-COMP-DNA1,19S_26_2419,NA,NextSeq550,Illumina,metagenome,0.8,BMI_metagenomicsSequencingSOP_v3,BMI_metagenomicsSequencingSOP_v3,Kapa Dual Index Kit,TAATGCGC,TCAGAGCC,H25VYBGXH,Pass,6269757,5392321,PRJNA406974,hZbYwvE98vC74xef62GeRA==,NA,NA,20241118T060131Z,RELEASE-2025
62f51ddf-c90c-4aa0-a4f8-50de2209f527,D01,HARV,HARV_002.basePlot.bgc,2019-07-16T17:52:00Z,Battelle Applied Genomics,Battelle Memorial Institute,2021-01-14T00:00:00Z,HARV_002-O-20190716-COMP-DNA1,19S_26_2417,NA,NextSeq550,Illumina,metagenome,1.6,BMI_metagenomicsSequencingSOP_v3,BMI_metagenomicsSequencingSOP_v3,Kapa Dual Index Kit,GAATTCGT,TCAGAGCC,H25VYBGXH,Pass,5759433,4409158,PRJNA406974,hZbYwvE98vC74xef62GeRA==,NA,NA,20241118T060131Z,RELEASE-2025
477ddd30-3a0d-406c-bf75-3ea7e1dc130f,D01,HARV,HARV_021.basePlot.bgc,2019-07-16T20:21:00Z,Battelle Applied Genomics,Battelle Memorial Institute,2021-01-14T00:00:00Z,HARV_021-O-20190716-COMP-DNA1,19S_26_2421,NA,NextSeq550,Illumina,metagenome,1.2,BMI_metagenomicsSequencingSOP_v3,BMI_metagenomicsSequencingSOP_v3,Kapa Dual Index Kit,TCCGGAGA,CTTCGCCT,H25VYBGXH,Pass,4337960,3415345,PRJNA406974,hZbYwvE98vC74xef62GeRA==,NA,NA,20241118T060131Z,RELEASE-2025
bb9b7e45-0d4e-4dfb-9935-f2dea9ea4b52,D01,HARV,HARV_013.basePlot.bgc,2019-07-17T14:27:00Z,Battelle Applied Genomics,Battelle Memorial Institute,2021-01-14T00:00:00Z,HARV_013-O-20190717-COMP-DNA1,19S_26_2420,NA,NextSeq550,Illumina,metagenome,0.4,BMI_metagenomicsSequencingSOP_v3,BMI_metagenomicsSequencingSOP_v3,Kapa Dual Index Kit,ATTACTCG,CTTCGCCT,H25VYBGXH,Pass,5930209,5363562,PRJNA406974,hZbYwvE98vC74xef62GeRA==,NA,NA,20241118T060131Z,RELEASE-2025
c3b88c69-fcf1-4cf8-91fc-25cb06d0708e,D01,HARV,HARV_001.basePlot.bgc,2019-07-17T16:41:00Z,Battelle Applied Genomics,Battelle Memorial Institute,2021-01-14T00:00:00Z,HARV_001-O-20190717-COMP-DNA1,19S_26_2416,NA,NextSeq550,Illumina,metagenome,0.3,BMI_metagenomicsSequencingSOP_v3,BMI_metagenomicsSequencingSOP_v3,Kapa Dual Index Kit,ATTCAGAA,TCAGAGCC,H25VYBGXH,Pass,4944067,4367582,PRJNA406974,hZbYwvE98vC74xef62GeRA==,NA,NA,20241118T060131Z,RELEASE-2025
0173a2f0-081f-4555-8ede-22b114522aa9,D01,HARV,HARV_004.basePlot.bgc,2019-07-18T13:55:00Z,Battelle Applied Genomics,Battelle Memorial Institute,2021-01-14T00:00:00Z,HARV_004-O-20190718-COMP-DNA1,19S_26_2418,NA,NextSeq550,Illumina,metagenome,1.7,BMI_metagenomicsSequencingSOP_v3,BMI_metagenomicsSequencingSOP_v3,Kapa Dual Index Kit,CTGAAGCT,TCAGAGCC,H25VYBGXH,Pass,4007611,2930274,PRJNA406974,hZbYwvE98vC74xef62GeRA==,NA,NA,20241118T060131Z,RELEASE-2025
2d2d46bd-a575-42bb-871d-98bc7474281c,D01,HARV,HARV_035.basePlot.bgc,2019-07-18T16:01:00Z,Battelle Applied Genomics,Battelle Memorial Institute,2021-01-14T00:00:00Z,HARV_035-O-20190718-COMP-DNA1,19S_26_2424,NA,NextSeq550,Illumina,metagenome,1.3,BMI_metagenomicsSequencingSOP_v3,BMI_metagenomicsSequencingSOP_v3,Kapa Dual Index Kit,ATTCAGAA,CTTCGCCT,H25VYBGXH,Pass,6684999,5836347,PRJNA406974,hZbYwvE98vC74xef62GeRA==,NA,NA,20241118T060131Z,RELEASE-2025
70f0b4f5-c26a-4ae6-b0e4-3f896c39cee3,D01,HARV,HARV_034.basePlot.bgc,2019-07-18T18:04:00Z,Battelle Applied Genomics,Battelle Memorial Institute,2021-01-14T00:00:00Z,HARV_034-O-20190718-COMP-DNA1,19S_26_2423,NA,NextSeq550,Illumina,metagenome,0.2,BMI_metagenomicsSequencingSOP_v3,BMI_metagenomicsSequencingSOP_v3,Kapa Dual Index Kit,GAGATTCC,CTTCGCCT,H25VYBGXH,Pass,4780914,4354726,PRJNA406974,hZbYwvE98vC74xef62GeRA==,NA,NA,20241118T060131Z,RELEASE-2025
0dca7fe9-4374-4df7-b513-9ae75714463c,D01,HARV,HARV_034.basePlot.bgc,2020-07-13T13:41:00Z,Battelle Applied Genomics,Battelle Memorial Institute,2021-11-01T00:00:00Z,HARV_034-O-20200713-COMP-DNA1,20S_09_0821,NA,NextSeq550,Illumina,metagenome,0,BMI_metagenomicsSequencingSOP_v3,BMI_metagenomicsSequencingSOP_v3,Kapa Dual Index Kit,TCTGGCGA,GTTGAATT,HLHJLBGXK,Pass,414750,185674,PRJNA406974,hZbYwvE98vBgTyr5HWFh7g==,NA,NA,20241118T013741Z,RELEASE-2025
54134d8d-1e72-45e3-ae2c-e96b64d2124e,D01,HARV,HARV_013.basePlot.bgc,2020-07-13T14:12:00Z,Battelle Applied Genomics,Battelle Memorial Institute,2021-11-01T00:00:00Z,HARV_013-O-20200713-COMP-DNA1,20S_09_0818,NA,NextSeq550,Illumina,metagenome,0.9,BMI_metagenomicsSequencingSOP_v3,BMI_metagenomicsSequencingSOP_v3,Kapa Dual Index Kit,AACTTGAC,CTGCTAGC,HLHJLBGXK,Pass,5102992,4039654,PRJNA406974,hZbYwvE98vBgTyr5HWFh7g==,NA,NA,20241118T013741Z,RELEASE-2025
02392203-183a-4d01-8753-ac7111fed812,D01,HARV,HARV_037.basePlot.bgc,2020-07-13T15:07:00Z,Battelle Applied Genomics,Battelle Memorial Institute,2021-11-01T00:00:00Z,HARV_037-O-20200713-COMP-DNA1,20S_09_0823,NA,NextSeq550,Illumina,metagenome,1.1,BMI_metagenomicsSequencingSOP_v3,BMI_metagenomicsSequencingSOP_v3,Kapa Dual Index Kit,ATTATGTT,GAATACAG,HLHJLBGXK,Pass,6524265,5103389,PRJNA406974,hZbYwvE98vBgTyr5HWFh7g==,NA,NA,20241118T013741Z,RELEASE-2025
65c8749f-6bbf-48a0-b843-02157cf6288a,D01,HARV,HARV_001.basePlot.bgc,2020-07-13T16:01:00Z,Battelle Applied Genomics,Battelle Memorial Institute,2021-11-01T00:00:00Z,HARV_001-O-20200713-COMP-DNA1,20S_09_0814,NA,NextSeq550,Illumina,metagenome,1.8,BMI_metagenomicsSequencingSOP_v3,BMI_metagenomicsSequencingSOP_v3,Kapa Dual Index Kit,TGTTCCGA,CTGGCTAA,HLHJLBGXK,Pass,5910702,4067449,PRJNA406974,hZbYwvE98vBgTyr5HWFh7g==,NA,NA,20241118T013741Z,RELEASE-2025
1ecd339d-2a0e-4943-8736-1717bd74a051,D01,HARV,HARV_004.basePlot.bgc,2020-07-13T17:58:00Z,Battelle Applied Genomics,Battelle Memorial Institute,2021-11-01T00:00:00Z,HARV_004-O-20200713-COMP-DNA1,20S_09_0816,NA,NextSeq550,Illumina,metagenome,0.7,BMI_metagenomicsSequencingSOP_v3,BMI_metagenomicsSequencingSOP_v3,Kapa Dual Index Kit,TCGGAATG,CAATGTAG,HLHJLBGXK,Pass,3352594,2570333,PRJNA406974,hZbYwvE98vBgTyr5HWFh7g==,NA,NA,20241118T013741Z,RELEASE-2025
d8d1ce44-ba83-4684-ba88-f75bf2e66ca0,D01,HARV,HARV_021.basePlot.bgc,2020-07-14T15:28:00Z,Battelle Applied Genomics,Battelle Memorial Institute,2021-11-01T00:00:00Z,HARV_021-O-20200714-COMP-DNA1,20S_09_0819,NA,NextSeq550,Illumina,metagenome,1,BMI_metagenomicsSequencingSOP_v3,BMI_metagenomicsSequencingSOP_v3,Kapa Dual Index Kit,ATTCTAGG,GCCAAGAA,HLHJLBGXK,Pass,4940411,3705981,PRJNA406974,hZbYwvE98vBgTyr5HWFh7g==,NA,NA,20241118T013741Z,RELEASE-2025
4c85293f-7180-435c-9ab0-0e9a0ecfc21f,D01,HARV,HARV_035.basePlot.bgc,2020-07-15T13:57:00Z,Battelle Applied Genomics,Battelle Memorial Institute,2021-11-01T00:00:00Z,HARV_035-O-20200715-COMP-DNA1,20S_09_0822,NA,NextSeq550,Illumina,metagenome,1.6,BMI_metagenomicsSequencingSOP_v3,BMI_metagenomicsSequencingSOP_v3,Kapa Dual Index Kit,TAATGAAC,AAGCCAAG,HLHJLBGXK,Pass,5024917,3858904,PRJNA406974,hZbYwvE98vBgTyr5HWFh7g==,NA,NA,20241118T013741Z,RELEASE-2025
7b443b5b-7301-4670-8049-531d11756118,D01,HARV,HARV_033.basePlot.bgc,2020-07-15T15:56:00Z,Battelle Applied Genomics,Battelle Memorial Institute,2021-11-01T00:00:00Z,HARV_033-O-20200715-COMP-DNA1,20S_09_0820,NA,NextSeq550,Illumina,metagenome,1,BMI_metagenomicsSequencingSOP_v3,BMI_metagenomicsSequencingSOP_v3,Kapa Dual Index Kit,TTGAATAG,GTTATGGA,HLHJLBGXK,Pass,5765354,4483615,PRJNA406974,hZbYwvE98vBgTyr5HWFh7g==,NA,NA,20241118T013741Z,RELEASE-2025
5dbb43c0-e74b-4a12-be2a-5fb56592f9d3,D01,HARV,HARV_002.basePlot.bgc,2020-07-15T18:25:00Z,Battelle Applied Genomics,Battelle Memorial Institute,2021-11-01T00:00:00Z,HARV_002-O-20200715-COMP-DNA1,20S_09_0815,NA,NextSeq550,Illumina,metagenome,2.6,BMI_metagenomicsSequencingSOP_v3,BMI_metagenomicsSequencingSOP_v3,Kapa Dual Index Kit,GGTCCAGA,AAGAACCG,HLHJLBGXK,Pass,5854020,3877402,PRJNA406974,hZbYwvE98vBgTyr5HWFh7g==,NA,NA,20241118T013741Z,RELEASE-2025
b9f66219-c918-487b-b6e8-d48364026e59,D01,HARV,HARV_005.basePlot.bgc,2020-07-16T19:49:00Z,Battelle Applied Genomics,Battelle Memorial Institute,2021-11-01T00:00:00Z,HARV_005-O-20200716-COMP-DNA1,20S_09_0817,NA,NextSeq550,Illumina,metagenome,0.3,BMI_metagenomicsSequencingSOP_v3,BMI_metagenomicsSequencingSOP_v3,Kapa Dual Index Kit,ATAGCGTC,CTGGAGTA,HLHJLBGXK,Pass,3859025,2792831,PRJNA406974,hZbYwvE98vBgTyr5HWFh7g==,NA,NA,20241118T013741Z,RELEASE-2025
ffdddae9-258c-4160-910e-d645f612040b,D01,HARV,HARV_035.basePlot.bgc,2021-07-05T15:13:00Z,Battelle Memorial Institute,Battelle Memorial Institute,2024-07-18T00:00:00Z,HARV_035-O-20210705-COMP-DNA1,22S_12_0990,NA,Illumina NovaSeq 6000,Illumina,metagenome,0,BMI_metagenomicsSequencingSOP_v5,BMI_metagenomicsSequencingSOP_v5,KAPA unique dual index adapter kit,CATGCTTA,TAATTCAT,HGJLCDSXC_PoolA,Fail,2865448,1629730,PRJNA406974,ohEt/18e8sq2pp8EMnsxYw==,"Raw read count less than 5,000,000",NA,20241213T185805Z,RELEASE-2025
de273dd3-59a1-4bf4-8aea-e77a707ef4df,D01,HARV,HARV_033.basePlot.bgc,2021-07-05T17:43:00Z,Battelle Memorial Institute,Battelle Memorial Institute,2024-07-18T00:00:00Z,HARV_033-O-20210705-COMP-DNA1,22S_12_0992,NA,Illumina NovaSeq 6000,Illumina,metagenome,7.7,BMI_metagenomicsSequencingSOP_v5,BMI_metagenomicsSequencingSOP_v5,KAPA unique dual index adapter kit,CATAGCGA,TAACCGTC,HGJLCDSXC_PoolA,Pass,26088630,15827103,PRJNA406974,ohEt/18e8sq2pp8EMnsxYw==,NA,NA,20241213T185805Z,RELEASE-2025
401267d7-89fa-4680-a3db-50df8d1cff7d,D01,HARV,HARV_034.basePlot.bgc,2021-07-06T13:42:00Z,Battelle Memorial Institute,Battelle Memorial Institute,2024-07-18T00:00:00Z,HARV_034-O-20210705-COMP-DNA1,22S_12_0991,NA,Illumina NovaSeq 6000,Illumina,metagenome,7.3,BMI_metagenomicsSequencingSOP_v5,BMI_metagenomicsSequencingSOP_v5,KAPA unique dual index adapter kit,AAGTAGAG,CAGTCGAT,HGJLCDSXC_PoolA,Pass,41029927,24875626,PRJNA406974,ohEt/18e8sq2pp8EMnsxYw==,NA,NA,20241213T185805Z,RELEASE-2025
b5aa81fd-836a-4009-a3a9-cf77ff4fcd0e,D01,HARV,HARV_037.basePlot.bgc,2021-07-06T16:04:00Z,Battelle Memorial Institute,Battelle Memorial Institute,2024-07-18T00:00:00Z,HARV_037-O-20210706-COMP-DNA1,22S_12_0989,NA,Illumina NovaSeq 6000,Illumina,metagenome,3.4,BMI_metagenomicsSequencingSOP_v5,BMI_metagenomicsSequencingSOP_v5,KAPA unique dual index adapter kit,TTCGCTGA,AATATGCG,HGJLCDSXC_PoolA,Pass,35348314,20758080,PRJNA406974,ohEt/18e8sq2pp8EMnsxYw==,NA,NA,20241213T185805Z,RELEASE-2025
f1eb0e3b-59dd-4111-be0a-7867b0f639f5,D01,HARV,HARV_004.basePlot.bgc,2021-07-06T19:28:00Z,Battelle Memorial Institute,Battelle Memorial Institute,2024-07-18T00:00:00Z,HARV_004-O-20210706-COMP-DNA1,22S_12_0996,NA,Illumina NovaSeq 6000,Illumina,metagenome,9,BMI_metagenomicsSequencingSOP_v5,BMI_metagenomicsSequencingSOP_v5,KAPA unique dual index adapter kit,TGCTCGAC,TTAAGGAT,HGJLCDSXC_PoolA,Pass,29385898,15492360,PRJNA406974,ohEt/18e8sq2pp8EMnsxYw==,NA,NA,20241213T185805Z,RELEASE-2025
c5f631d8-ce5d-4d45-86ee-44408cce8983,D01,HARV,HARV_013.basePlot.bgc,2021-07-07T14:33:00Z,Battelle Memorial Institute,Battelle Memorial Institute,2024-07-18T00:00:00Z,HARV_013-O-20210707-COMP-DNA1,22S_12_0994,NA,Illumina NovaSeq 6000,Illumina,metagenome,3.1,BMI_metagenomicsSequencingSOP_v5,BMI_metagenomicsSequencingSOP_v5,KAPA unique dual index adapter kit,GCACATCT,AAGAGGTT,HGJLCDSXC_PoolA,Pass,10559346,6853314,PRJNA406974,ohEt/18e8sq2pp8EMnsxYw==,NA,NA,20241213T185805Z,RELEASE-2025
57b58ab0-f703-4f1e-98b0-f88f6cb65b96,D01,HARV,HARV_001.basePlot.bgc,2021-07-07T16:47:00Z,Battelle Memorial Institute,Battelle Memorial Institute,2024-07-18T00:00:00Z,HARV_001-O-20210707-COMP-DNA1,22S_12_0998,NA,Illumina NovaSeq 6000,Illumina,metagenome,3.4,BMI_metagenomicsSequencingSOP_v5,BMI_metagenomicsSequencingSOP_v5,KAPA unique dual index adapter kit,TGTTCCGA,CTGGCTAA,HGJLCDSXC_PoolA,Pass,38656447,21452590,PRJNA406974,ohEt/18e8sq2pp8EMnsxYw==,NA,NA,20241213T185805Z,RELEASE-2025
8860c9c4-962b-4773-8a57-594756475d85,D01,HARV,HARV_005.basePlot.bgc,2021-07-08T13:37:00Z,Battelle Memorial Institute,Battelle Memorial Institute,2024-07-18T00:00:00Z,HARV_005-O-20210708-COMP-DNA1,22S_12_0995,NA,Illumina NovaSeq 6000,Illumina,metagenome,1.2,BMI_metagenomicsSequencingSOP_v5,BMI_metagenomicsSequencingSOP_v5,KAPA unique dual index adapter kit,CCTACCAT,TAGGAAGC,HGJLCDSXC_PoolA,Pass,11982861,8335902,PRJNA406974,ohEt/18e8sq2pp8EMnsxYw==,NA,NA,20241213T185805Z,RELEASE-2025
8b417430-2c11-40d2-90f6-b4447cd56ba0,D01,HARV,HARV_002.basePlot.bgc,2021-07-08T15:45:00Z,Battelle Memorial Institute,Battelle Memorial Institute,2024-07-18T00:00:00Z,HARV_002-O-20210708-COMP-DNA1,22S_12_0997,NA,Illumina NovaSeq 6000,Illumina,metagenome,3.3,BMI_metagenomicsSequencingSOP_v5,BMI_metagenomicsSequencingSOP_v5,KAPA unique dual index adapter kit,CCAGTTAG,ATGACAGG,HGJLCDSXC_PoolA,Pass,30113117,17123139,PRJNA406974,ohEt/18e8sq2pp8EMnsxYw==,NA,NA,20241213T185805Z,RELEASE-2025
e5b0a052-17c2-49c2-9a62-a36a1d3e8c0e,D01,HARV,HARV_021.basePlot.bgc,2021-07-08T18:08:00Z,Battelle Memorial Institute,Battelle Memorial Institute,2024-07-18T00:00:00Z,HARV_021-O-20210708-COMP-DNA1,22S_12_0993,NA,Illumina NovaSeq 6000,Illumina,metagenome,6.7,BMI_metagenomicsSequencingSOP_v5,BMI_metagenomicsSequencingSOP_v5,KAPA unique dual index adapter kit,AGTTGCTT,CAATGCTA,HGJLCDSXC_PoolA,Pass,46672870,27704259,PRJNA406974,ohEt/18e8sq2pp8EMnsxYw==,NA,NA,20241213T185805Z,RELEASE-2025
786808a4-56a5-4d49-8280-f1852d83c5f0,D01,HARV,HARV_035.basePlot.bgc,2022-07-05T14:23:00Z,Battelle Memorial Institute,Battelle Memorial Institute,2024-07-18T00:00:00Z,HARV_035-O-20220705-COMP-DNA1,22S_13_1112,NA,Illumina NovaSeq 6000,Illumina,metagenome,5.7,BMI_metagenomicsSequencingSOP_v5,BMI_metagenomicsSequencingSOP_v5,KAPA unique dual index adapter kit,GAAGAAGT,GCTAATAG,HGJLCDSXC_PoolD,Pass,15172088,9160506,PRJNA406974,ohEt/18e8sq2pp8EMnsxYw==,NA,NA,20241213T190749Z,RELEASE-2025
b63b3adf-849b-4874-af06-d478e3a2bd61,D01,HARV,HARV_033.basePlot.bgc,2022-07-05T16:16:00Z,Battelle Memorial Institute,Battelle Memorial Institute,2024-07-18T00:00:00Z,HARV_033-O-20220705-COMP-DNA1,22S_13_1110,NA,Illumina NovaSeq 6000,Illumina,metagenome,9.9,BMI_metagenomicsSequencingSOP_v5,BMI_metagenomicsSequencingSOP_v5,KAPA unique dual index adapter kit,ATTATGTT,GAATACAG,HGJLCDSXC_PoolD,Pass,16675297,10702330,PRJNA406974,ohEt/18e8sq2pp8EMnsxYw==,NA,NA,20241213T190749Z,RELEASE-2025
f5597f55-c575-4331-9a01-abefd51223fc,D01,HARV,HARV_034.basePlot.bgc,2022-07-05T18:28:00Z,Battelle Memorial Institute,Battelle Memorial Institute,2024-07-18T00:00:00Z,HARV_034-O-20220705-COMP-DNA1,22S_13_1111,NA,Illumina NovaSeq 6000,Illumina,metagenome,7.3,BMI_metagenomicsSequencingSOP_v5,BMI_metagenomicsSequencingSOP_v5,KAPA unique dual index adapter kit,ATTGTCTG,TCTGTGAA,HGJLCDSXC_PoolD,Pass,41977981,26942035,PRJNA406974,ohEt/18e8sq2pp8EMnsxYw==,NA,NA,20241213T190749Z,RELEASE-2025
4b5f4d08-933b-447a-896b-f5575ad11342,D01,HARV,HARV_037.basePlot.bgc,2022-07-05T19:59:00Z,Battelle Memorial Institute,Battelle Memorial Institute,2024-07-18T00:00:00Z,HARV_037-O-20220705-COMP-DNA1,22S_13_1113,NA,Illumina NovaSeq 6000,Illumina,metagenome,5.8,BMI_metagenomicsSequencingSOP_v5,BMI_metagenomicsSequencingSOP_v5,KAPA unique dual index adapter kit,GACAGTAA,GTAATCGC,HGJLCDSXC_PoolD,Pass,70673052,44341018,PRJNA406974,ohEt/18e8sq2pp8EMnsxYw==,NA,NA,20241213T190749Z,RELEASE-2025
660719e0-83ee-4f6c-bdc0-6385f162de90,D01,HARV,HARV_013.basePlot.bgc,2022-07-06T18:23:00Z,Battelle Memorial Institute,Battelle Memorial Institute,2024-07-18T00:00:00Z,HARV_013-O-20220706-COMP-DNA1,22S_13_1108,NA,Illumina NovaSeq 6000,Illumina,metagenome,3.9,BMI_metagenomicsSequencingSOP_v5,BMI_metagenomicsSequencingSOP_v5,KAPA unique dual index adapter kit,TCTGGCGA,GTTGAATT,HGJLCDSXC_PoolD,Pass,15262004,9103423,PRJNA406974,ohEt/18e8sq2pp8EMnsxYw==,NA,NA,20241213T190749Z,RELEASE-2025
1d2dbb4b-7697-46ec-b631-edf1095727e1,D01,HARV,HARV_004.basePlot.bgc,2022-07-06T20:26:00Z,Battelle Memorial Institute,Battelle Memorial Institute,2024-07-18T00:00:00Z,HARV_004-O-20220706-COMP-DNA1,22S_13_1106,NA,Illumina NovaSeq 6000,Illumina,metagenome,0.9,BMI_metagenomicsSequencingSOP_v5,BMI_metagenomicsSequencingSOP_v5,KAPA unique dual index adapter kit,ATTCTAGG,GCCAAGAA,HGJLCDSXC_PoolC,Pass,9056600,5409319,PRJNA406974,ohEt/18e8sq2pp8EMnsxYw==,NA,NA,20241213T190749Z,RELEASE-2025
65961104-7e2f-4f34-ab50-edaa754bb66d,D01,HARV,HARV_005.basePlot.bgc,2022-07-07T14:48:00Z,Battelle Memorial Institute,Battelle Memorial Institute,2024-07-18T00:00:00Z,HARV_005-O-20220707-COMP-DNA1,22S_13_1107,NA,Illumina NovaSeq 6000,Illumina,metagenome,0.3,BMI_metagenomicsSequencingSOP_v5,BMI_metagenomicsSequencingSOP_v5,KAPA unique dual index adapter kit,TTGAATAG,GTTATGGA,HGJLCDSXC_PoolD,Pass,20814082,12711335,PRJNA406974,ohEt/18e8sq2pp8EMnsxYw==,NA,NA,20241213T190749Z,RELEASE-2025
0e0bf94b-d447-4d57-9c41-f633830ff173,D01,HARV,HARV_002.basePlot.bgc,2022-07-07T17:36:00Z,Battelle Memorial Institute,Battelle Memorial Institute,2024-07-18T00:00:00Z,HARV_002-O-20220707-COMP-DNA1,22S_13_1105,NA,Illumina NovaSeq 6000,Illumina,metagenome,4.8,BMI_metagenomicsSequencingSOP_v5,BMI_metagenomicsSequencingSOP_v5,KAPA unique dual index adapter kit,AACTTGAC,CTGCTAGC,HGJLCDSXC_PoolC,Pass,77560530,47134248,PRJNA406974,ohEt/18e8sq2pp8EMnsxYw==,NA,NA,20241213T190749Z,RELEASE-2025
c03643d2-1b34-4f56-898b-ac91366fcc82,D01,HARV,HARV_021.basePlot.bgc,2022-07-07T19:07:00Z,Battelle Memorial Institute,Battelle Memorial Institute,2024-07-18T00:00:00Z,HARV_021-O-20220707-COMP-DNA1,22S_13_1109,NA,Illumina NovaSeq 6000,Illumina,metagenome,5.6,BMI_metagenomicsSequencingSOP_v5,BMI_metagenomicsSequencingSOP_v5,KAPA unique dual index adapter kit,TAATGAAC,AAGCCAAG,HGJLCDSXC_PoolD,Pass,18407250,11481033,PRJNA406974,ohEt/18e8sq2pp8EMnsxYw==,NA,NA,20241213T190749Z,RELEASE-2025
d32a6be4-d925-48ac-a10e-0ecc30de9151,D01,HARV,HARV_001.basePlot.bgc,2022-07-08T17:34:00Z,Battelle Memorial Institute,Battelle Memorial Institute,2024-07-18T00:00:00Z,HARV_001-O-20220708-COMP-DNA1,22S_13_1104,NA,Illumina NovaSeq 6000,Illumina,metagenome,7.5,BMI_metagenomicsSequencingSOP_v5,BMI_metagenomicsSequencingSOP_v5,KAPA unique dual index adapter kit,ATAGCGTC,CTGGAGTA,HGJLCDSXC_PoolC,Pass,28147477,16410935,PRJNA406974,ohEt/18e8sq2pp8EMnsxYw==,NA,NA,20241213T190749Z,RELEASE-2025
